BOL,CONTAINER_NUMBER,CONTAINER_STATUS,STATUS_DATE,JOB_STATUS,CONSIGNEE,NOTIFY,DECIDER,POD,DELIVERY_CITY_NAME,FPD,FPD_CITY_NAME,DISCHARGE_ATA_DATE,BL_TYPE,OBL_RECEIVED,OBL_RECEIVED_DATE,AMS_STATUS,CHARGES_PAID,AMOUNT_TO_COLLECT,CONSIGNEE_CREDIT,AMS_RELEASE,AMS_RELEASE_DATE,TERMINAL_RELEASE,TERMINAL_RELEASE_DATE,FULL_RELEASE,FULL_RELEASE_DATE,CUSTOMS_HOLD,CUSTOMS_HOLD_DISPOSTION_CODE,DISPOSTION_CODE,POD_POOL_LOCATION,POD_POOL_LOCATION_NAME,VESSEL_ETA,VESSEL,IMPORT_VOYAGE,LFD
CHN2007053A,UETU5251628,Empty In Depot Available,2025-03-20,60,WALMART INC.  508 SW 8TH ST.,GEODIS USA INC.  5101 S. BROAD,WALMART INC,USORF,"NORFOLK, VA",,,2025-03-10,Waybill,Y,,Entered and released: General examination,5284.00,14966.64,Y,Y,2025-03-06T14:45:37Z,Y,2025-03-06T14:45:37Z,Y,2025-03-06T14:45:37Z,NO,,1C,USORFMNIT,NORFOLK INTERNATIONAL TERMINAL,2025-03-10,CMA CGM ORFEO,0XR7BE1MA,2025-03-22
SHZ6980516,MAGU5700932,Empty In Depot Available,2025-03-08,60,"DOLLAR TREE DISTRIBUTION, INC.",UPS SUPPLY CHAIN SOLUTIONS INC.,DOLLAR TREE DISTRIBUTION INC,USLAX,"LOS ANGELES, CA",USKCK,"KANSAS CITY, KS",2025-02-14,Waybill,Y,,Arrival of in-bond - bill of lading,16300.00,16300.00,Y,Y,2025-02-21T14:24:03Z,Y,2025-02-06T17:20:12Z,Y,2025-02-21T14:24:03Z,NO,,12,USLAXMETS,EVERPORT TERMINAL SERVICES,2025-02-14,EVER MAST,0TEJXE1MA,2025-03-10
WHU0129037,TEMU7858810,Empty In Depot Available,2025-04-04,60,TARGET,"TARGET CUSTOMS BROKERS, INC",TARGET STORES,USSEA,"SEATTLE, WA",,,2025-03-30,Waybill,Y,,Entered and released: General examination,13930.61,13930.61,Y,Y,2025-03-30T15:05:46Z,Y,2025-03-30T15:05:46Z,Y,2025-03-30T15:05:46Z,NO,,1C,USSEAMT18,SSA TERMINAL 18,2025-03-30,CMA CGM CASSIOPEIA,0TNF3S1MA,2025-04-15
BRE0687218,CMAU4931177,Empty In Depot Available,2025-03-06,60,LESCHACO INC.,LESCHACO INC.,AC CONTAINER LINE GMBH,USNYC,"NEW YORK, NY",USMEH,"MEHOOPANY, PA",2025-03-03,Waybill,Y,,Entered and released: General examination,,970.00,Y,Y,2025-03-04T12:58:17Z,Y,2025-03-04T12:58:17Z,Y,2025-03-04T12:58:17Z,NO,,1C,USNYCMNYC,PORT LIBERTY NEW YORK,2025-03-03,CMA CGM NEVA,0RPIFS1MA,2025-03-07
XIA1541778E,FSCU4782967,Empty In Depot Available,2025-04-11,60,WALMART INC.,EXPEDITORS INTERNATIONAL OF,WALMART INC,USSAV,"SAVANNAH, GA",,,2025-03-14,Waybill,Y,,Entered and released: General examination,3085.50,11752.65,Y,Y,2025-03-17T13:42:23Z,Y,2025-03-17T13:42:23Z,Y,2025-03-17T13:42:23Z,NO,,1C,USSAVMGPA,GARDEN CITY TERMINAL,2025-03-14,CMA CGM ORFEO,0XR7BE1MA,2025-03-29
ZSN0715022,TIIU6233405,Empty In Depot Available,2025-03-31,60,GEORGIA-PACIFIC CONSUMER PRODUCTS,"KUEHNE & NAGEL, INC,",KBX LOGISTICS LLC,USNYC,"NEW YORK, NY",,,2025-03-14,Waybill,Y,,Entered and released: General examination,11660.00,11660.00,Y,Y,2025-03-18T19:00:55Z,Y,2025-03-18T19:00:55Z,Y,2025-03-18T19:00:55Z,NO,,1C,USNYCMMHR,MAHER TERMINAL,2025-03-14,EVER MAX,0TSJPE1MA,2025-03-21
TWN0938621,TRHU6062776,Discharged Full,2025-04-18,60,MILWAUKEE ELECTRIC TOOL CORPORATION,CARMICHAEL INTERNATIONAL SERVICE,TECHTRONIC TRADING LTD,USSEA,"SEATTLE, WA",USOLV,"OLIVE BRANCH, MS",2025-04-18,Waybill,Y,,Entered and released: General examination,,27150.00,Y,Y,2025-04-22T18:49:57Z,Y,2025-04-22T18:49:57Z,Y,2025-04-22T18:49:57Z,NO,,1C,USSEAMT05,TERMINAL 5,2025-04-18,OOCL SEATTLE,0TPK3E1MA,
FOC0318074A,CAIU9728956,Empty In Depot Available,2025-04-02,60,"WALMART, INC.",UPS SUPPLY CHAIN SOLUTION,WALMART INC,USLAX,"LOS ANGELES, CA",,,2025-03-21,Waybill,Y,,Entered and released: General examination,10278.72,10278.72,Y,Y,2025-03-15T17:29:41Z,Y,2025-03-15T17:29:41Z,Y,2025-03-15T17:29:41Z,NO,,1C,USLAXMAPL,FENIX MARINE TERMINAL,2025-03-21,CMA CGM MISSISSIPPI,0TXJPE1MA,2025-04-05
GGZ2430966,ECMU7577521,Empty In Depot Available,2025-04-07,60,"HOME DEPOT U.S.A., INC.",DAMCO CUSTOMS SERVICES INC.,HOME DEPOT INC,USLAX,"LOS ANGELES, CA",,,2025-02-06,Waybill,Y,,Entered and released: General examination,1489.00,1489.00,Y,Y,2025-02-03T17:16:03Z,Y,2025-01-29T17:01:22Z,Y,2025-02-03T17:16:03Z,NO,,1C,USLAXMAPL,FENIX MARINE TERMINAL,2025-02-06,APL PARIS,0TXJDE1MA,2025-02-18
NGP2050444A,CMAU8876777,Empty In Depot Available,2025-04-07,60,WALMART INC.,EXPEDITORS INTERNATIONAL OF,WALMART INC,USHOU,"HOUSTON, TX",,,2025-03-12,Waybill,Y,,Entered and released: General examination,4078.86,7222.00,Y,Y,2025-03-13T16:24:07Z,Y,2025-02-28T15:22:57Z,Y,2025-03-13T16:24:07Z,NO,,1C,USHOUMPHB,BARBOURS CUT TERMINAL,2025-03-12,OOCL TOKYO,0TYJVE1MA,2025-03-24
SEL1848266,TRLU9182407,Empty In Depot Available,2025-03-19,60,CNR INT`L INC.(NY OFFICE),TGL USA INC,JOOSUNG SEA & AIR CO LTD,USMOB,"MOBILE, AL",,,2025-03-17,Waybill,Y,,Entered and released: General examination,5555.00,70.00,N,Y,2025-03-17T21:34:23Z,Y,2025-03-17T21:34:23Z,Y,2025-03-17T21:34:23Z,NO,,1C,USMOBMAPM,APM TERMINALS MOBILE ALABAMA,2025-03-17,CMA CGM ELBE,0PGK1E1MA,2025-03-24
SGN2520289,CMAU9102482,Empty In Depot Available,2025-03-04,60,"HOMEGOODS, INC","EXPEDITORS INT'L OF WASHINGTON,INC.",THE TJX COMPANIES INC,USSEA,"SEATTLE, WA",,,2025-02-24,Waybill,Y,,Entered and released: General examination,2926.00,2926.00,Y,Y,2025-02-21T15:41:21Z,Y,2025-02-21T15:41:21Z,Y,2025-02-21T15:41:21Z,NO,,1C,USSEAMT05,TERMINAL 5,2025-02-24,OOCL SEATTLE,0TPJPE1MA,2025-02-27
XIA1564295,TRHU4235949,Full to Consignee,2025-04-23,60,COSTCO WHOLESALE CORPORATION,UPS CUSTOMS BROKERAGE,COSTCO WHOLESALE INC,USSEA,"SEATTLE, WA",USXMH,"SUMNER, WA",2025-04-21,Waybill,Y,,Entered and released: General examination,,4566.00,Y,Y,2025-04-17T04:11:25Z,Y,2025-04-17T04:11:25Z,Y,2025-04-17T04:11:25Z,NO,,1C,USSEAMT18,SSA TERMINAL 18,2025-04-21,CMA CGM POINTE-NOIRE,0TNF9S1MA,2025-04-28
QGD1646992,ECMU8060744,Empty In Depot Available,2025-04-23,60,WALMART INC.,UPS SUPPLY CHAIN SOLUTION,WALMART INC,USLAX,"LOS ANGELES, CA",USCHI,"CHICAGO, IL",2025-04-01,Waybill,Y,,Entered and released: General examination,15696.00,15696.00,Y,Y,2025-04-04T01:17:11Z,Y,2025-04-04T01:17:11Z,Y,2025-04-04T01:17:11Z,NO,,1C,USLAXMAPL,FENIX MARINE TERMINAL,2025-04-01,PRESIDENT JQ ADAMS,0DBKXE1MA,2025-04-25
TJN0564474,TXGU8559523,Empty In Depot Available,2025-04-28,60,"LG SOURCING, INC.","UPS SUPPLY CHAIN SOLUTIONS, INC.",LOWES COMPANIES INC,USSAV,"SAVANNAH, GA",,,2025-03-30,Waybill,Y,,Entered and released: General examination,12900.00,12900.00,Y,Y,2025-03-30T17:48:46Z,Y,2025-03-30T17:48:46Z,Y,2025-03-30T17:48:46Z,NO,,1C,USSAVMGPA,GARDEN CITY TERMINAL,2025-03-30,COSCO SHIPPING LOTUS,0MBIRE1MA,2025-04-17
QGD1522908,HHXU3381161,Out shipper's owned full,2025-03-10,60,UMAX SHIPPING INC.,UMAX SHIPPING INC.,MAXWIDE LOGISTICS INC,USLAX,"LOS ANGELES, CA",USDAL,"DALLAS, TX",2025-02-24,Waybill,Y,,Entered and released: General examination,8205.00,25.00,N,Y,2025-02-24T20:03:26Z,Y,2025-02-24T20:03:26Z,Y,2025-03-03T21:00:16Z,NO,,1C,USLAXMAPL,FENIX MARINE TERMINAL,2025-02-24,PRESIDENT MONROE,0DBKNE1MA,2025-03-10
NGP2122531,APHU6504957,Full at Consignee’s premises,2025-04-24,60,COSTCO WHOLESALE CORPORATION,UPS SUPPLY CHAIN SOLUTIONS INC,COSTCO WHOLESALE INC,USHOU,"HOUSTON, TX",USKTX,"KATY, TX",2025-04-12,Waybill,Y,,Entered and released: General examination,,3265.00,Y,Y,2025-04-14T20:52:56Z,Y,2025-04-14T20:52:56Z,Y,2025-04-14T20:52:56Z,NO,,1C,USHOUMBAY,BAYPORT CONTAINER TERMINAL,2025-04-12,CMA CGM THAMES,0PGKBE1MA,2025-04-21
NGP1992721,TGBU5291305,Empty In Depot Available,2025-03-13,60,"AIR TIGER EXPRESS (USA),INC.",SAME AS CONSIGNEE,AIR TIGER EXPRESS USA INC,USNYC,"NEW YORK, NY",,,2025-03-06,Waybill,Y,,Entered and released: General examination,4489.00,4489.00,N,Y,2025-03-04T18:28:33Z,Y,2025-03-04T18:28:33Z,Y,2025-03-04T18:28:33Z,NO,,1C,USNYCMMHR,MAHER TERMINAL,2025-03-06,COSCO FORTUNE,0MBINE1MA,2025-03-13
THD1322725,GESU1394069,Empty In Depot Available,2025-04-09,60,GALLEON TECHNOLOGY INC DBA SHIPPABO,GALLEON TECHNOLOGY INC DBA SHIPPABO,HONOUR LANE SHIPPING LTD,USLAX,"LOS ANGELES, CA",,,2025-04-01,Waybill,Y,,Entered and released: General examination,1922.00,1922.00,N,Y,2025-04-01T23:03:55Z,Y,2025-04-01T23:03:55Z,Y,2025-04-01T23:03:55Z,NO,,1C,USLAXMAPL,FENIX MARINE TERMINAL,2025-04-01,CMA CGM OSIRIS,1TUBGE1MA,2025-04-09
SHZ7046089A,CMAU3653180,Empty In Depot Available,2025-04-23,60,WALMART INC.,EXPEDITORS INTERNATIONAL OF,WALMART INC,USHOU,"HOUSTON, TX",,,2025-03-30,Waybill,Y,,Entered and released: General examination,15149.02,15149.02,Y,Y,2025-03-28T14:38:57Z,Y,2025-03-28T14:38:57Z,Y,2025-03-28T14:38:57Z,NO,,1C,USHOUMBAY,BAYPORT CONTAINER TERMINAL,2025-03-30,CMA CGM TANYA,0PGK7E1MA,2025-04-10
SHZ7069344C,CMAU3592150,Full to Consignee,2025-04-28,60,WALMART INC.,EXPEDITORS INTERNATIONAL OF,WALMART INC,USMOB,"MOBILE, AL",,,2025-04-25,Waybill,Y,,Entered and released: General examination,,54756.00,Y,Y,2025-04-21T14:32:08Z,Y,2025-04-21T14:32:08Z,Y,2025-04-21T14:32:08Z,NO,,1C,USMOBMAPM,APM TERMINALS MOBILE ALABAMA,2025-04-25,CMA CGM MELISANDE,0PGKDE1MA,2025-05-05
NGP2050444A,SEKU5518640,Empty In Depot Available,2025-03-25,60,WALMART INC.,EXPEDITORS INTERNATIONAL OF,WALMART INC,USHOU,"HOUSTON, TX",,,2025-03-12,Waybill,Y,,Entered and released: General examination,4078.86,7222.00,Y,Y,2025-03-13T16:24:07Z,Y,2025-02-28T15:22:57Z,Y,2025-03-13T16:24:07Z,NO,,1C,USHOUMPHB,BARBOURS CUT TERMINAL,2025-03-12,OOCL TOKYO,0TYJVE1MA,2025-03-24
NGP1933338,CMAU8442718,Empty In Depot Available,2025-02-11,60,COSTCO WHOLESALE CORPORATION,UPS SUPPLY CHAIN SOLUTIONS INC,COSTCO WHOLESALE INC,USSEA,"SEATTLE, WA",USXMH,"SUMNER, WA",2025-01-31,Waybill,Y,,Entered and released: General examination,4060.00,4060.00,Y,Y,2025-02-04T17:06:22Z,Y,2025-01-29T00:16:55Z,Y,2025-02-04T17:06:22Z,NO,,1C,USSEAMT18,SSA TERMINAL 18,2025-01-31,APL CHONGQING,0TNENS1MA,2025-02-07
SHZ7045587,TCNU7302918,Empty In Depot Available,2025-04-09,60,"HOME DEPOT U.S.A., INC.",DAMCO CUSTOMS SERVICES INC.,HOME DEPOT INC,USNYC,"NEW YORK, NY",,,2025-04-05,Waybill,Y,,Entered and released: General examination,2533.00,2533.00,Y,Y,2025-04-01T13:04:30Z,Y,2025-04-01T13:04:30Z,Y,2025-04-01T13:04:30Z,NO,,1C,USNYCMMHR,MAHER TERMINAL,2025-04-05,TALOS,0TSJZE1MA,2025-04-11
TYO0657943,CMAU3347889,Empty In Depot Available,2025-04-07,60,EM-LINES LTD,"EMO TRANS, INC - DTW",EM LINES LIMITED,USORF,"NORFOLK, VA",,,2025-03-29,Waybill,Y,,Entered and released: General examination,15895.12,127338.00,Y,Y,2025-03-27T16:31:12Z,Y,2025-03-27T16:31:12Z,Y,2025-03-27T16:31:12Z,NO,,1C,USORFMMAT,VIRGINIA INTERNATIONAL GATEWAY,2025-03-29,COSCO SHIPPING SAKURA,0MBITE1MA,2025-04-03
NGP2110443,APZU4383859,Full at Consignee’s premises,2025-04-22,60,MILWAUKEE ELECTRIC TOOL CORPORATION,CARMICHAEL INTERNATIONAL SERVICE,TECHTRONIC TRADING LTD,USSEA,"SEATTLE, WA",USOLV,"OLIVE BRANCH, MS",2025-03-30,Waybill,Y,,Entered and released: General examination,18900.00,18900.00,Y,Y,2025-03-25T16:14:33Z,Y,2025-03-25T16:14:33Z,Y,2025-03-25T16:14:33Z,NO,,1C,USSEAMT18,SSA TERMINAL 18,2025-03-30,CMA CGM CASSIOPEIA,0TNF3S1MA,2025-04-21
CHN1965061,TGSU5064225,Off Hire Empty,2025-03-12,60,WETRANS (UNITED STATES) LIMITED.,WETRANS (UNITED STATES) LIMITED.,CIMC WETRANS LOGISTICS TECHNOLOGY,USORF,"NORFOLK, VA",,,2025-02-28,OBL,Y,2025-02-25T10:11:32Z,Entered and released: General examination,8690.00,38.00,Y,Y,2025-03-03T17:12:59Z,Y,2025-03-03T17:12:59Z,Y,2025-03-03T17:12:59Z,NO,,1C,USORFMNIT,NORFOLK INTERNATIONAL TERMINAL,2025-02-28,APL QINGDAO,0XR79E1MA,2025-03-10
HKA2505704,UETU7450830,Empty In Depot Available,2025-03-11,60,NEWELL BRANDS DISTRIBUTION LLC,C.H. POWELL COMPANY,NEWELL BRANDS INC,USLAX,"LOS ANGELES, CA",,,2025-02-26,Waybill,Y,2025-02-14T09:56:47Z,Entered and released: General examination,10335.00,9330.00,Y,Y,2025-02-21T18:34:53Z,Y,2025-02-21T18:34:53Z,Y,2025-02-21T18:34:53Z,NO,,1C,USLAXMAPL,FENIX MARINE TERMINAL,2025-02-26,MH PEGASUS,0TXJJE1MA,2025-03-05
QGD1694567,SEGU6360174,Full to Consignee,2025-04-25,60,"AMAZON LOGISTICS,INC",1.INLT LLC,AMAZON.COM SERVICES INC,USLAX,"LOS ANGELES, CA",,,2025-04-24,Waybill,Y,,Entered and released: General examination,,1400.00,Y,Y,2025-04-21T22:19:51Z,Y,2025-04-21T22:19:51Z,Y,2025-04-21T22:19:51Z,NO,,1C,USLAXMAPL,FENIX MARINE TERMINAL,2025-04-24,PRESIDENT BUSH,0DBL5E1MA,2025-05-07
SGN2588287,TEMU8240169,Empty In Depot Available,2025-04-14,60,COSTCO WHOLESALE CORPORATION,UPS CUSTOMS BROKERAGE,COSTCO WHOLESALE INC,USLAX,"LOS ANGELES, CA",USAUC,"AURORA, CO",2025-04-01,Waybill,Y,,Entered and released: General examination,,5404.00,Y,Y,2025-03-29T01:45:26Z,Y,2025-03-29T01:45:26Z,Y,2025-03-29T01:45:26Z,NO,,1C,USLAXMAPL,FENIX MARINE TERMINAL,2025-04-01,CMA CGM OSIRIS,1TUBGE1MA,2025-04-12
BUA0331007,TCNU7611100,Off Hire Empty,2025-02-20,60,Gardner Trading LLC,"D&B Customs Brokers LLC,",ZM INTERTRADE,USSEA,"SEATTLE, WA",,,2025-02-15,Waybill,Y,2025-01-28T19:39:32Z,Inspection/document review hold for USDA removed at port of discharge,28728.00,28728.00,N,Y,2025-02-18T18:29:05Z,Y,2025-02-13T22:30:13Z,Y,2025-02-18T18:29:05Z,NO,,75,USSEAMT18,SSA TERMINAL 18,2025-02-15,CMA CGM TITAN,0TNERS1MA,2025-02-21
SHZ6991518A,CMAU7531636,Empty In Depot Available,2025-03-10,60,WALMART INC.,UPS SUPPLY CHAIN SOLUTIONS,WALMART INC,USLAX,"LOS ANGELES, CA",USCHI,"CHICAGO, IL",2025-02-06,Waybill,Y,,Entered and released: General examination,69.35,69.35,Y,Y,2025-01-30T14:16:38Z,Y,2025-01-30T14:16:38Z,Y,2025-01-30T14:16:38Z,NO,,1C,USLAXMAPL,FENIX MARINE TERMINAL,2025-02-06,APL PARIS,0TXJDE1MA,2025-03-04
CHN2035939,FFAU5380400,Empty In Depot Available,2025-04-02,60,ACETRANS LOGISTICS LIMITED,ACETRANS LOGISTICS LIMITED,ACETRANS LOGISTICS LIMITED,USLAX,"LOS ANGELES, CA",USSTL,"ST LOUIS, MO",2025-03-16,Waybill,Y,,Arrival of in-bond - bill of lading,5220.00,4900.00,N,Y,2025-03-30T10:32:50Z,Y,2025-03-08T05:34:57Z,Y,2025-03-30T10:32:50Z,NO,,12,USLAXMAPL,FENIX MARINE TERMINAL,2025-03-16,PRESIDENT REAGAN,0DBKTE1MA,2025-03-31
SGN2623888,TCNU5097250,Full to Consignee,2025-04-18,60,"WALMART, INC.",UPS SUPPLY CHAIN SOLUTIONS,WALMART INC,USLAX,"LOS ANGELES, CA",,,2025-04-11,Waybill,Y,,Entered and released: General examination,,1895.35,Y,Y,2025-04-13T13:01:57Z,Y,2025-04-13T13:01:57Z,Y,2025-04-13T13:01:57Z,NO,,1C,USLAXMAPL,FENIX MARINE TERMINAL,2025-04-11,APL SANTIAGO,0TXJVE1MA,2025-04-27
CHN2067535AP,CAAU5975699,Load on Board Full,2025-03-06,60,WALMART INC.  508 SW 8TH ST.,UPS SUPPLY CHAIN SOLUTION  1201 W.,WALMART INC,USLAX,"LOS ANGELES, CA",,,2025-03-20,Waybill,Y,,Entered and released: General examination,134.64,159.24,Y,Y,2025-03-14T23:40:26Z,Y,2025-03-14T23:40:26Z,Y,2025-03-14T23:40:26Z,NO,,1C,USLAXMAPL,FENIX MARINE TERMINAL,2025-03-20,CMA CGM WHITE SHARK,0GVJ6E1MA,
ANT1877439,TEMU9258558,Full to Consignee,2025-04-24,60,"WALMART, INC.","WALMART, INC.",WALMART INC,USCHS,"CHARLESTON, SC",,,2025-04-07,Waybill,Y,,Released: Intensive examination completed,,4091.80,Y,Y,2025-04-16T18:18:51Z,Y,2025-04-16T18:18:51Z,Y,2025-04-16T18:18:51Z,NO,,1B,USCHSMWWT,WANDO WELCH TERMINAL,2025-04-07,BRIGHTON,0NP1BW1MA,2025-04-14
QGD1542030,CMAU8375610,Empty In Depot Available,2025-03-08,60,"FAMILY DOLLAR SERVICES, LLC",YLA (AMERICAS) INC.,DOLLAR TREE DISTRIBUTION INC,USLAX,"LOS ANGELES, CA",USDAL,"DALLAS, TX",2025-02-12,Waybill,Y,2025-01-27T09:38:44Z,Arrival of in-bond - bill of lading,4075.00,4075.00,Y,Y,2025-03-02T17:02:04Z,Y,2025-02-12T20:29:30Z,Y,2025-03-02T17:02:04Z,NO,,12,USLAXMAPL,FENIX MARINE TERMINAL,2025-02-12,PRESIDENT JQ ADAMS,0DBKJE1MA,2025-03-10
NGP2104036A,CMAU1855371,Empty In Depot Available,2025-04-22,60,WALMART INC.,EXPEDITORS INTERNATIONAL OF,WALMART INC,USHOU,"HOUSTON, TX",,,2025-03-30,Waybill,Y,,Entered and released: General examination,19013.96,19013.96,Y,Y,2025-03-26T07:12:12Z,Y,2025-03-26T07:12:12Z,Y,2025-03-26T07:12:12Z,NO,,1C,USHOUMBAY,BAYPORT CONTAINER TERMINAL,2025-03-30,CMA CGM TANYA,0PGK7E1MA,2025-04-12
IBC1313315,TEMU1881772,Full to Consignee,2025-03-10,60,APRILE USA INC.,APRILE USA INC.,APRILE USA INC,USNYC,"NEW YORK, NY",,,2025-03-06,Waybill,Y,,Entered and released: General examination,2125.00,2125.00,Y,Y,2025-03-06T23:30:03Z,Y,2025-03-06T23:30:03Z,Y,2025-03-06T23:30:03Z,NO,,1C,USNYCMNYC,PORT LIBERTY NEW YORK,2025-03-06,ONE MANEUVER,0MRHXW1MA,2025-03-12
NGP2128449,GAOU6808580,Empty In Depot Available,2025-04-16,60,COSTCO WHOLESALE CORPORATION,UPS SUPPLY CHAIN SOLUTIONS INC,COSTCO WHOLESALE INC,USLGB,"LONG BEACH, CA",USMIK,"MIRA LOMA, CA",2025-04-02,Waybill,Y,,Entry cancelled,,2300.00,Y,Y,2025-04-01T02:48:09Z,Y,2025-04-01T00:09:56Z,Y,2025-04-01T02:48:09Z,NO,,4E,USLGBMSSA,PCT - SSA - PIER J,2025-04-02,CSCL SUMMER,0YTDRE1MA,2025-04-09
QGD1694565,CMAU4677946,Discharged Full,2025-04-24,60,"AMAZON LOGISTICS,INC",1.INLT LLC,AMAZON.COM SERVICES INC,USLAX,"LOS ANGELES, CA",,,2025-04-24,Waybill,Y,,Entered and released: General examination,,1400.00,Y,Y,2025-04-21T18:14:10Z,Y,2025-04-21T18:14:10Z,Y,2025-04-21T18:14:10Z,NO,,1C,USLAXMAPL,FENIX MARINE TERMINAL,2025-04-24,PRESIDENT BUSH,0DBL5E1MA,2025-05-06
DJA1332731,HJMU2048562,Off Hire Empty,2025-03-14,60,"DE WELL CONTAINER SHIPPING, INC.","DE WELL CONTAINER SHIPPING, INC.",DE WELL CONTAINER SHIPPING INC,USLGB,"LONG BEACH, CA",,,2025-03-06,OBL,Y,2025-03-03T15:57:00Z,Entered and released: General examination,14842.00,14842.00,N,Y,2025-02-28T07:05:54Z,Y,2025-03-03T15:57:05Z,Y,2025-03-03T15:57:05Z,NO,,1C,USLGBMSSA,PCT - SSA - PIER J,2025-03-06,CSCL SOUTH CHINA SEA,0BHKJE1MA,2025-03-14
PIR0248539,TLLU4473857,Full to Consignee,2025-04-26,60,"WALMART, INC.",EXPEDITORS INTERNATIONAL OF WA,WALMART INC,USSAV,"SAVANNAH, GA",,,2025-04-19,Waybill,Y,,Entered and released: General examination,,1550.00,Y,Y,2025-04-23T14:57:26Z,Y,2025-04-23T14:57:26Z,Y,2025-04-23T14:57:26Z,NO,,1C,USSAVMGPA,GARDEN CITY TERMINAL,2025-04-19,MOL ENDOWMENT,0UB65W1MA,2025-05-01
XIA1563469A,TGBU5815207,Empty In Depot Available,2025-04-22,60,WALMART INC.,UPS SUPPLY CHAIN SOLUTION,WALMART INC,USLAX,"LOS ANGELES, CA",,,2025-03-26,Waybill,Y,2025-03-10T11:55:05Z,Entered and released: General examination,14452.36,14452.36,Y,Y,2025-03-26T03:23:01Z,Y,2025-03-26T03:23:01Z,Y,2025-03-26T03:23:01Z,NO,,1C,USLAXMAPL,FENIX MARINE TERMINAL,2025-03-26,APL PARIS,0TXJRE1MA,2025-04-08
SHZ7085993A,BEAU4000032,Empty In Depot Available,2025-04-25,60,WALMART INC.,UPS SUPPLY CHAIN SOLUTIONS,WALMART INC,USLAX,"LOS ANGELES, CA",,,2025-04-11,Waybill,Y,,Entered and released: General examination,,23902.13,Y,Y,2025-04-14T14:47:12Z,Y,2025-04-14T14:47:12Z,Y,2025-04-14T14:47:12Z,NO,,1C,USLAXMAPL,FENIX MARINE TERMINAL,2025-04-11,APL SANTIAGO,0TXJVE1MA,2025-04-27
KPE0191285,TEMU6819296,Full to Consignee,2025-04-23,60,CARGO PARTNER NETWORK INC,CARGO PARTNER NETWORK INC,CARGO PARTNER DOO,USMIA,"MIAMI, FL",,,2025-04-17,Waybill,Y,,Entered and released: General examination,2582.00,40.00,N,Y,2025-04-17T04:18:27Z,Y,2025-04-17T11:10:15Z,Y,2025-04-17T11:10:15Z,NO,,1C,USMIAMUNI,SOUTH FLORIDA CONTAINER TER,2025-04-17,NYK NEBULA,0CLJDW1MA,2025-04-24
SHZ7064694,APHU4642793,Empty In Depot Available,2025-04-15,60,EXPEDITORS INTL OF WA INC,SAME AS CONSIGNEE,EXPEDITORS INTL OF WASH INC HQ,USLAX,"LOS ANGELES, CA",,,2025-04-07,Waybill,Y,,Entered and released: General examination,2204.00,2204.00,Y,Y,2025-04-09T15:18:47Z,Y,2025-04-09T15:18:47Z,Y,2025-04-09T15:18:47Z,NO,,1C,USLAXMAPL,FENIX MARINE TERMINAL,2025-04-07,CMA CGM T. ROOSEVELT,1TUBKE1MA,2025-04-11
SHZ7015091,TRHU8279626,Empty In Depot Available,2025-04-04,60,WALMART INC.,EXPEDITORS INTERNATIONAL OF,WALMART INC,USCHS,"CHARLESTON, SC",,,2025-03-23,Waybill,Y,,Entered and released: General examination,12300.00,12300.00,Y,Y,2025-03-25T13:52:38Z,Y,2025-03-25T13:52:38Z,Y,2025-03-25T13:52:38Z,NO,,1C,USCHSMWWT,WANDO WELCH TERMINAL,2025-03-23,CMA CGM BIANCA,0XR7DE1MA,2025-04-03
CHN2015878M,TXGU4178473,Empty In Depot Available,2025-04-04,60,WALMART INC.  508 SW 8TH ST.,EXPEDITORS INTERNATIONAL OF,WALMART INC,USHOU,"HOUSTON, TX",,,2025-03-12,Waybill,Y,,Entered and released: General examination,1955.08,2251.08,Y,Y,2025-03-05T21:14:17Z,Y,2025-03-05T21:13:28Z,Y,2025-03-05T21:14:17Z,NO,,1C,USHOUMBAY,BAYPORT CONTAINER TERMINAL,2025-03-12,CMA CGM ELBE,0PGK1E1MA,2025-03-22
CHN2136418,CAIU9313517,Train arrival for import,2025-04-28,60,ACETRANS LOGISTICS LIMITED,ACETRANS LOGISTICS LIMITED,ACETRANS LOGISTICS LIMITED,USLAX,"LOS ANGELES, CA",USOMA,"OMAHA, NE",2025-04-15,Waybill,Y,,Master in-bond advisory,5820.00,5500.00,N,N,,Y,2025-04-10T04:53:28Z,N,,NO,,18,USLAXMAPL,FENIX MARINE TERMINAL,2025-04-15,CMA CGM GEORGIA,0GVJEE1MA,2025-04-26
NGP2107152,TLLU8631694,Empty In Depot Available,2025-04-11,60,EFL CONTAINER LINES LLC,EFL CONTAINER LINES LLC,EFL CONTAINER LINES LLC,USHOU,"HOUSTON, TX",,,2025-04-08,Waybill,Y,,Entered and released: General examination,,10654.00,Y,Y,2025-04-08T19:42:14Z,Y,2025-04-08T19:42:14Z,Y,2025-04-08T19:42:14Z,NO,,1C,USHOUMBAY,BAYPORT CONTAINER TERMINAL,2025-04-08,APL DANUBE,0PGK9E1MA,2025-04-16
SHZ7058200,TLLU7827825,Discharged Full,2025-04-09,60,WALMART INC.,EXPEDITORS INTERNATIONAL OF,WALMART INC,USHOU,"HOUSTON, TX",,,2025-04-08,Waybill,Y,,Entered and released: General examination,6084.00,6084.00,Y,Y,2025-04-02T17:38:49Z,Y,2025-04-02T17:38:49Z,Y,2025-04-02T17:38:49Z,NO,,1C,USHOUMBAY,BAYPORT CONTAINER TERMINAL,2025-04-08,APL DANUBE,0PGK9E1MA,2025-04-18
TJN0564126,SEGU6358285,Empty In Depot Available,2025-03-03,60,"OEC SHIPPING LOS ANGELES,INC.","OEC SHIPPING LOS ANGELES,INC.",ORIENT EXPRESS CONTAINER CO LTD,USLGB,"LONG BEACH, CA",USSLC,"SALT LAKE CITY, UT",2025-02-17,Waybill,Y,,Arrival of in-bond - bill of lading,5275.00,5275.00,N,Y,2025-02-27T09:56:06Z,Y,2025-02-10T05:36:24Z,Y,2025-02-27T09:56:06Z,NO,,12,USLGBMSSA,PCT - SSA - PIER J,2025-02-17,COSCO FRANCE,0BHKDE1MA,2025-03-01
AYN1217555,SEKU5544232,Empty In Depot Available,2025-04-22,60,WALMART INC.,EXPEDITORS INTERNATIONAL OF,WALMART INC,USMOB,"MOBILE, AL",,,2025-04-13,Waybill,Y,,Entered and released: General examination,18552.00,18552.00,Y,Y,2025-04-07T16:52:03Z,Y,2025-04-07T16:52:03Z,Y,2025-04-07T16:52:03Z,NO,,1C,USMOBMAPM,APM TERMINALS MOBILE ALABAMA,2025-04-13,APL DANUBE,0PGK9E1MA,2025-04-23
CBC0293482,TCNU7962763,Empty In Depot Available,2025-02-11,60,"MEDLINE INDUSTRIES, LP.","UPS SUPPLY CHAIN SOLUTIONS, INC",MEDLINE INDUSTRIES INC,USLAX,"LOS ANGELES, CA",,,2025-02-02,Waybill,Y,,Entered and released: General examination,1566.00,1566.00,Y,Y,2025-01-29T19:40:22Z,Y,2025-01-29T19:40:22Z,Y,2025-01-29T19:40:22Z,NO,,1C,USLAXMAPL,FENIX MARINE TERMINAL,2025-02-02,CMA CGM RIGOLETTO,1TUAKE1MA,2025-02-07
SHZ7038631,TRHU8802280,Full to Consignee,2025-04-23,60,EL DORADO FURNITURE CORPORATION,EL DORADO FURNITURE CORPORATION,EL DORADO FURNITURE CORP,USMIA,"MIAMI, FL",,,2025-04-20,OBL,Y,2025-04-03T09:49:55Z,Entered and released: General examination,8004.00,8004.00,Y,Y,2025-04-15T22:46:33Z,Y,2025-04-15T22:46:33Z,Y,2025-04-15T22:46:33Z,NO,,1C,USMIAMUNI,SOUTH FLORIDA CONTAINER TER,2025-04-20,APL DANUBE,0PGK9E1MA,2025-04-24
QGD1514790,DFSU7069960,Full to Consignee,2025-03-14,60,EXPEDITORS INTERNATIONAL OF,EXPEDITORS INTERNATIONAL OF,EXPEDITORS INTL OF WASH INC HQ,USNYC,"NEW YORK, NY",,,2025-03-12,Waybill,Y,,Carrier bill - add,8778.00,8778.00,Y,Y,2025-02-28T01:47:14Z,Y,2025-03-04T20:35:15Z,Y,2025-03-04T20:35:15Z,NO,,55,USNYCMMHR,MAHER TERMINAL,2025-03-12,TAMPA TRIUMPH,0VCJLE1MA,2025-03-19
WHU0128185,TDTU4248329,Empty In Depot Available,2025-04-01,60,"MEDLINE INDUSTRIES, LP.","UPS SUPPLY CHAIN SOLUTIONS, INC",MEDLINE INDUSTRIES INC,USOAK,"OAKLAND, CA",,,2025-03-13,Waybill,Y,,Entered and released: General examination,1849.00,1849.00,Y,Y,2025-03-13T14:01:40Z,Y,2025-03-13T14:01:40Z,Y,2025-03-13T14:01:40Z,NO,,1C,USOAKMSSA,OAKLAND INTL CONTAINER TERMINAL,2025-03-13,PRESIDENT BUSH,0DBKRE1MA,2025-03-20
QGD1645506,TCNU2242380,Empty In Depot Available,2025-04-11,60,BLUE WATER SHIPPING US INC.,BLUE WATER SHIPPING US INC.,BLUE WATER SHIPPING US INC,USHOU,"HOUSTON, TX",,,2025-04-08,Waybill,Y,,Entered and released: General examination,42710.00,42710.00,Y,Y,2025-04-09T17:57:52Z,Y,2025-04-09T17:57:52Z,Y,2025-04-09T17:57:52Z,NO,,1C,USHOUMBAY,BAYPORT CONTAINER TERMINAL,2025-04-08,APL DANUBE,0PGK9E1MA,2025-04-14
GHC0302967,SEKU5867359,Empty In Depot Available,2025-04-02,60,"COACH SERVICES, INC.",DHL GLOBAL FORWARDING,TAPESTRY INC,USLAX,"LOS ANGELES, CA",,,2025-03-25,Waybill,Y,,Entered and released: General examination,10932.00,10932.00,Y,Y,2025-03-18T06:04:45Z,Y,2025-03-18T06:04:45Z,Y,2025-03-18T06:04:45Z,NO,,1C,USLAXMAPL,FENIX MARINE TERMINAL,2025-03-25,PRESIDENT CARTER,0DBKVE1MA,2025-04-01
ENA0146001,CMAU0600714,Empty In Depot Available,2025-04-02,60,TO ORDER OF,GES GRAPHITE INC,INDIAL SHIPPING PVT LTD,USNYC,"NEW YORK, NY",USPIT,"PITTSBURGH, PA",2025-03-18,OBL,Y,2025-03-07T16:44:09Z,Arrival of in-bond - bill of lading,1483.75,19.00,N,Y,2025-03-29T02:54:19Z,Y,2025-03-11T18:29:39Z,Y,2025-03-29T02:54:19Z,NO,,12,USNYCMNYC,PORT LIBERTY NEW YORK,2025-03-18,CMA CGM DOLPHIN,0INJ1W1MA,2025-03-31
NGP2056052B,SEKU6870378,Empty In Depot Available,2025-03-20,60,WALMART INC.,GEODIS USA INC,WALMART INC,USORF,"NORFOLK, VA",,,2025-03-10,Waybill,Y,,Entered and released: General examination,20411.85,20411.85,Y,Y,2025-03-07T16:20:29Z,Y,2025-03-07T16:20:29Z,Y,2025-03-07T16:20:29Z,NO,,1C,USORFMNIT,NORFOLK INTERNATIONAL TERMINAL,2025-03-10,CMA CGM ORFEO,0XR7BE1MA,2025-03-21
NGP2126683A,TGHU5122966,Empty In Depot Available,2025-04-10,60,WALMART INC.,UPS SUPPLY CHAIN SOLUTION,WALMART INC,USLAX,"LOS ANGELES, CA",,,2025-03-20,Waybill,Y,,Entered and released: General examination,2357.91,6556.19,Y,Y,2025-03-13T04:08:55Z,Y,2025-03-13T04:08:55Z,Y,2025-03-13T04:08:55Z,NO,,1C,USLAXMAPL,FENIX MARINE TERMINAL,2025-03-20,CMA CGM WHITE SHARK,0GVJ6E1MA,2025-04-05
DJA1326675,SEGU6358330,Full to Consignee,2025-03-06,60,KERRY APEX (PNW),KERRY APEX (PNW),KERRY FREIGHT USA INC,USLAX,"LOS ANGELES, CA",,,2025-03-01,OBL,Y,2025-02-17T08:12:49Z,Entered and released: General examination,3199.00,3199.00,Y,Y,2025-02-27T19:02:58Z,Y,2025-02-27T19:02:58Z,Y,2025-02-27T19:02:58Z,NO,,1C,USLAXMAPL,FENIX MARINE TERMINAL,2025-03-01,CMA CGM CHILE,1TUB0E1MA,2025-03-10
CHN1992245,CMAU4912006,Empty In Depot Available,2025-02-11,60,TRINITY INTERNATIONAL INDUSTRIES,AMERICAN GLOBAL LOGISTICS,TRINITY INTERNATIONL INDUSTRIES LLC,USLAX,"LOS ANGELES, CA",,,2025-02-06,Waybill,Y,,Entered and released: General examination,5375.00,5375.00,Y,Y,2025-02-03T16:21:32Z,Y,2025-02-03T16:21:32Z,Y,2025-02-03T16:21:32Z,NO,,1C,USLAXMAPL,FENIX MARINE TERMINAL,2025-02-06,CMA CGM SWORDFISH,0GVIUE1MA,2025-02-13
SHZ7086452B,TCNU3519192,Load on Board Full,2025-03-26,60,WALMART INC.,UPS SUPPLY CHAIN SOLUTIONS,WALMART INC,USLAX,"LOS ANGELES, CA",,,2025-04-11,Waybill,Y,,Entered and released: General examination,,706.89,Y,Y,2025-04-14T16:35:06Z,Y,2025-04-14T16:35:06Z,Y,2025-04-14T16:35:06Z,NO,,1C,USLAXMAPL,FENIX MARINE TERMINAL,2025-04-11,APL SANTIAGO,0TXJVE1MA,
THD1310526,UETU2329553,Empty In Depot Available,2025-04-02,60,"MS INTERNATIONAL, INC.","MS INTERNATIONAL, INC.",MS INTERNATIONAL INC,USCHS,"CHARLESTON, SC",,,2025-03-23,Waybill,Y,,Entered and released: General examination,1855.00,1855.00,Y,Y,2025-03-17T11:08:51Z,Y,2025-03-17T11:08:51Z,Y,2025-03-17T11:08:51Z,NO,,1C,USCHSMWWT,WANDO WELCH TERMINAL,2025-03-23,APL SENTOSA,1TUBYS1MA,2025-03-31
TWN0924360,FSCU8212406,Full to Consignee,2025-03-07,60,"KEYSTONE AUTOMOTIVE INDUSTRIES,INC.",FLEXPORT INTERNATIONAL LLC,KEYSTONE AUTOMOTIVE INDUSTRIES INC,USSEA,"SEATTLE, WA",USSTP,"ST PAUL, MN",2025-02-24,Waybill,Y,,Carrier bill - delete,4507.00,4507.00,Y,Y,2025-02-16T08:07:38Z,Y,2025-02-16T08:07:38Z,Y,2025-02-16T08:07:38Z,NO,,54,USSEAMT05,TERMINAL 5,2025-02-24,OOCL SEATTLE,0TPJPE1MA,2025-03-09
AIS0504376,CEBU2309740,Discharged Full,2025-04-25,60,EXPEDITORS INTERNATIONAL OF WA,EXPEDITORS INTERNATIONAL OF WA,EXPEDITORS INTL OF WASH INC HQ,USSAV,"SAVANNAH, GA",,,2025-04-25,Waybill,Y,,Carrier bill - add,,6712.00,Y,Y,2025-04-16T06:13:22Z,Y,2025-04-16T06:13:22Z,Y,2025-04-16T06:13:22Z,NO,,55,USSAVMGPA,GARDEN CITY TERMINAL,2025-04-25,CMA CGM PANAMA,1TUCMS1MA,2025-05-01
CBC0304013,SEKU5704710,Load on Board Full,2025-02-16,60,"WALMART, INC.",UPS SUPPLY CHAIN SOLUTIONS,WALMART INC,USLAX,"LOS ANGELES, CA",,,2025-03-16,Waybill,Y,,Entered and released: General examination,3005.32,4623.53,Y,Y,2025-03-24T15:11:13Z,Y,2025-03-24T15:11:13Z,Y,2025-03-24T15:11:13Z,NO,,1C,USLAXMAPL,FENIX MARINE TERMINAL,2025-03-16,CMA CGM J. ADAMS,1TUB8E1MA,
SGN2544396,CMAU9169130,Empty In Depot Available,2025-03-12,60,"CLARK CORE SERVICES, LLC",FLEXPORT INTERNATIONAL LLC,CLARK CORE SERVICES LLC,USOAK,"OAKLAND, CA",,,2025-03-04,Waybill,Y,2025-02-20T10:28:05Z,Entered and released: General examination,3475.00,3475.00,Y,Y,2025-03-03T21:29:50Z,Y,2025-03-03T21:29:50Z,Y,2025-03-03T21:29:50Z,NO,,1C,USOAKMSSA,OAKLAND INTL CONTAINER TERMINAL,2025-03-04,PRESIDENT LB JOHNSON,0DBKPE1MA,2025-03-10
SHZ7039499,TEMU8007795,Full to Consignee,2025-04-24,60,NEWELL BRANDS DISTRIBUTION LLC,NEWELL BRANDS DISTRIBUTION LLC -,NEWELL BRANDS INC,USSAV,"SAVANNAH, GA",,,2025-04-16,Waybill,Y,,Entered and released: General examination,1093.00,16230.00,Y,Y,2025-04-18T15:32:09Z,Y,2025-04-18T15:32:09Z,Y,2025-04-18T15:32:09Z,NO,,1C,USSAVMGPA,GARDEN CITY TERMINAL,2025-04-16,COSCO DEVELOPMENT,0UPKBE1MA,2025-04-24
FOC0320270D,SEGU5858007,Tship Load on board full,2025-03-29,60,"WALMART, INC.",UPS SUPPLY CHAIN SOLUTION,WALMART INC,USLAX,"LOS ANGELES, CA",,,2025-04-18,Waybill,Y,,Entered and released: General examination,,6537.75,Y,Y,2025-04-16T02:58:44Z,Y,2025-04-16T02:58:44Z,Y,2025-04-16T02:58:44Z,NO,,1C,USLAXMAPL,FENIX MARINE TERMINAL,2025-04-18,MH PEGASUS,0TXJXE1MA,
SSZ1585025,MAGU2310714,Empty In Depot Available,2025-04-23,60,"FD SALES COMPANY, LLC","SAMUEL SHAPIRO AND CO, INC.",FLOOR AND DECOR OUTLETS OF AMERICA,USSAV,"SAVANNAH, GA",,,2025-04-14,Waybill,Y,,Entered and released: General examination,0.00,3222.00,Y,Y,2025-04-16T16:23:39Z,Y,2025-04-16T16:23:39Z,Y,2025-04-16T16:23:39Z,NO,,1C,USSAVMGPA,GARDEN CITY TERMINAL,2025-04-14,MEDKON PEP,0CAH3N1MA,2025-04-22
CHN1960066,CAIU9089984,Empty In Depot Available,2025-04-16,60,"PETSMART HOME OFFICE, LLC",EXPEDITORS INTERNATIONAL OF,PETSMART,USSAV,"SAVANNAH, GA",USATL,"ATLANTA, GA",2025-03-30,Waybill,Y,,Entered and released: General examination,3367.00,3367.00,Y,Y,2025-03-26T19:53:37Z,Y,2025-03-26T19:53:37Z,Y,2025-03-26T19:53:37Z,NO,,1C,USSAVMGPA,GARDEN CITY TERMINAL,2025-03-30,EVER FAITH,0VCJVE1MA,2025-04-17
SEL1854876,GESU6897277,Empty In Depot Available,2025-03-31,60,OEC GROUP DENVER OFFICE,SAME AS CONSIGNEE,ORIENT EXPRESS CONTAINER CO LTD,USLGB,"LONG BEACH, CA",USKCK,"KANSAS CITY, KS",2025-03-12,Waybill,Y,,Arrival of in-bond - bill of lading,4675.00,4675.00,N,Y,2025-03-28T03:53:43Z,Y,2025-03-06T05:33:01Z,Y,2025-03-28T03:53:43Z,NO,,12,USLGBMLBC,LONG BEACH CONTAINER TERM,2025-03-12,COSCO SHIPPING ALPS,0TIK3E1MA,2025-03-30
CHN1921909,TEMU6417527,Empty In Depot Available,2025-02-13,60,R.G. BARRY CORPORATION,DAMCO CUSTOMS SERVICES INC.,RG BARRY CORPORATION,USLGB,"LONG BEACH, CA",,,2025-02-07,Waybill,Y,,Entered and released: General examination,11156.00,11156.00,Y,Y,2025-02-02T07:46:34Z,Y,2025-02-02T07:46:34Z,Y,2025-02-02T07:46:34Z,NO,,1C,USLGBMLBC,LONG BEACH CONTAINER TERM,2025-02-07,OOCL BAUHINIA,0TIJTE1MA,2025-02-14
QGD1623728B,TCKU6320445,Full to Consignee,2025-04-16,60,WALMART INC.,EXPEDITORS INTERNATIONAL OF,WALMART INC,USMOB,"MOBILE, AL",,,2025-04-13,Waybill,Y,,Entered and released: General examination,,54059.71,Y,Y,2025-04-08T20:53:17Z,Y,2025-04-08T20:53:17Z,Y,2025-04-08T20:53:17Z,NO,,1C,USMOBMAPM,APM TERMINALS MOBILE ALABAMA,2025-04-13,APL DANUBE,0PGK9E1MA,2025-04-23
ECE0107269,APHU7127760,Empty In Depot Available,2025-03-10,60,AIRLIFT USA INC,AIRLIFT USA INC,,USLAX,"LOS ANGELES, CA",,,2025-03-01,OBL,Y,2025-02-26T19:31:50Z,Entered and released: General examination,3554.00,3554.00,Y,Y,2025-02-26T17:41:37Z,Y,2025-02-26T19:31:56Z,Y,2025-02-26T19:31:56Z,NO,,1C,USLAXMAPL,FENIX MARINE TERMINAL,2025-03-01,CMA CGM CHILE,1TUB0E1MA,2025-03-10
SHZ7069446A,TCNU3935646,Full to Consignee,2025-04-25,60,WALMART INC.,EXPEDITORS INTERNATIONAL OF,WALMART INC,USHOU,"HOUSTON, TX",,,2025-04-20,Waybill,Y,,Entered and released: General examination,,1107.29,Y,Y,2025-04-17T13:50:58Z,Y,2025-04-17T13:50:58Z,Y,2025-04-17T13:50:58Z,NO,,1C,USHOUMBAY,BAYPORT CONTAINER TERMINAL,2025-04-20,CMA CGM MELISANDE,0PGKDE1MA,2025-05-01
HKA2493500,CMAU3387069,Empty In Depot Available,2025-03-07,60,LIPPERT COMPONENTS,C.H. ROBINSON INTERNATIONAL INC,LIPPERT COMPONENTS,USSEA,"SEATTLE, WA",USCHI,"CHICAGO, IL",2025-02-08,Waybill,Y,,Entered and released: General examination,27647.00,27277.00,Y,Y,2025-02-05T21:32:11Z,Y,2025-02-05T21:32:11Z,Y,2025-02-05T21:32:11Z,NO,,1C,USSEAMT18,SSA TERMINAL 18,2025-02-08,ALS JUNO,0TNEPS1MA,2025-02-28
TWN0920169,SEKU6020435,Empty In Depot Available,2025-03-18,60,"KEYSTONE AUTOMOTIVE INDUSTRIES,INC.",FLEXPORT INTERNATIONAL LLC,KEYSTONE AUTOMOTIVE INDUSTRIES INC,USLAX,"LOS ANGELES, CA",USCMH,"COLUMBUS, OH",2025-01-28,Waybill,Y,,Carrier bill - add,8622.00,4432.00,Y,Y,2025-01-22T07:29:06Z,Y,2025-01-22T07:29:06Z,Y,2025-01-22T07:29:06Z,NO,,55,USLAXMETS,EVERPORT TERMINAL SERVICES,2025-01-28,EVER MACH,0TEJTE1MA,2025-02-13
XIA1537952A,APZU4576626,Empty In Depot Available,2025-02-19,60,WALMART INC.,UPS SUPPLY CHAIN SOLUTION,WALMART INC,USLAX,"LOS ANGELES, CA",,,2025-02-16,Waybill,Y,,Entered and released: General examination,12059.55,12059.55,Y,Y,2025-02-16T15:42:28Z,Y,2025-02-16T15:42:28Z,Y,2025-02-16T15:42:28Z,NO,,1C,USLAXMAPL,FENIX MARINE TERMINAL,2025-02-16,APL SANTIAGO,0TXJFE1MA,2025-03-02
SGN2496123,TGHU6330331,Empty In Depot Available,2025-02-24,60,"TRACTOR SUPPLY COMPANY OF TEXAS,L.P","TRACTOR SUPPLY COMPANY OF TEXAS,L.P",TRACTOR SUPPLY CO,USLAX,"LOS ANGELES, CA",USACT,"WACO, TX",2025-02-06,Waybill,Y,,Carrier bill - add,22570.00,22570.00,Y,Y,2025-01-29T07:02:47Z,Y,2025-01-29T07:02:47Z,Y,2025-01-29T07:02:47Z,NO,,55,USLAXMAPL,FENIX MARINE TERMINAL,2025-02-06,APL PARIS,0TXJDE1MA,2025-02-26
NGP2072233,ECMU7471988,Empty In Depot Available,2025-03-11,60,ECU WORLDWIDE USA,SAME AS CONSIGNEE,ECU WORLDWIDE (GUANGZHOU) LIMITED,USSEA,"SEATTLE, WA",USCHI,"CHICAGO, IL",2025-02-15,Waybill,Y,,Arrival of in-bond - bill of lading,22094.00,22094.00,N,Y,2025-03-02T03:01:44Z,Y,2025-02-10T22:40:35Z,Y,2025-03-02T03:01:44Z,NO,,12,USSEAMT18,SSA TERMINAL 18,2025-02-15,CMA CGM TITAN,0TNERS1MA,2025-03-06
AMC2349419,ECMU6610604,Full to Consignee,2025-03-26,60,SMARTMODE INTERNATIONAL LOGISTICS,SMARTMODE INTERNATIONAL LOGISTICS,SAFEWATER LINES INDIA PVT LTD,USSAV,"SAVANNAH, GA",,,2025-03-17,OBL,Y,2025-03-19T16:25:09Z,Entered and released: General examination,18004.00,16400.00,N,Y,2025-03-20T22:33:49Z,Y,2025-03-20T22:33:50Z,N,,NO,,1C,USSAVMGPA,GARDEN CITY TERMINAL,2025-03-17,APL SOUTHAMPTON,0INIZW1MA,2025-03-27
SGN2607156A,SEKU5828922,Full to Consignee,2025-04-02,60,"NIKE RETAIL SERVICES, INC",EXPEDITORS INTERNATIONAL,NIKE INC,USLAX,"LOS ANGELES, CA",,,2025-04-01,Waybill,Y,,Entered and released: General examination,,1704.00,Y,Y,2025-03-31T23:34:01Z,Y,2025-03-31T23:34:01Z,Y,2025-03-31T23:34:01Z,NO,,1C,USLAXMAPL,FENIX MARINE TERMINAL,2025-04-01,CMA CGM OSIRIS,1TUBGE1MA,2025-04-07
BUP0194722,SEKU5583455,Empty In Depot Available,2025-04-03,60,"EXPEDITORS INTERNATIONAL OF WA, INC","EXPEDITORS INTERNATIONAL OF WA, INC",EXPEDITORS INTL OF WASH INC HQ,USSAV,"SAVANNAH, GA",USATL,"ATLANTA, GA",2025-03-25,Waybill,Y,,Arrival of in-bond - bill of lading,3993.00,3993.00,Y,Y,2025-04-01T06:47:46Z,Y,2025-03-28T05:40:51Z,Y,2025-04-01T06:47:46Z,NO,,12,USSAVMGPA,GARDEN CITY TERMINAL,2025-03-25,EVER SMILE,0NP19W1MA,2025-04-02
TWN0926283,SEKU4518007,Empty In Depot Available,2025-03-05,60,PELOTON INTERACTIVE INC.,EXPEDITORS INTERNATIONAL,PELOTON INTERACTIVE INC,USLAX,"LOS ANGELES, CA",,,2025-02-22,Waybill,Y,,Entered and released: General examination,16316.00,16086.00,Y,Y,2025-02-20T16:42:15Z,Y,2025-02-20T16:42:15Z,Y,2025-02-20T16:42:15Z,NO,,1C,USLAXMETS,EVERPORT TERMINAL SERVICES,2025-02-22,EVER MEMO,0TEJZE1MA,2025-02-28
NGP2194206,ECMU4871023,Empty In Depot Available,2025-04-22,60,"AMAZON LOGISTICS, INC.","SEASKY LOGISTICS, INC.  17890",AMAZON.COM SERVICES INC,USLGB,"LONG BEACH, CA",,,2025-04-09,Waybill,Y,,Entered and released: General examination,,1400.00,Y,Y,2025-04-10T00:41:05Z,Y,2025-04-10T00:41:05Z,Y,2025-04-10T00:41:05Z,NO,,1C,USLGBMSSA,PCT - SSA - PIER J,2025-04-09,CSCL EAST CHINA SEA,0YTDTE1MA,2025-04-17
TJN0571693B,TXGU8854880,Load on Board Full,2025-01-27,60,WALMART INC.,UPS SUPPLY CHAIN SOLUTIONS,WALMART INC,USLGB,"LONG BEACH, CA",,,2025-02-17,Waybill,Y,,Entered and released: General examination,2562.15,2562.15,Y,Y,2025-02-16T15:33:49Z,Y,2025-02-16T15:33:49Z,Y,2025-02-16T15:33:49Z,NO,,1C,USLGBMSSA,PCT - SSA - PIER J,2025-02-17,COSCO FRANCE,0BHKDE1MA,
SHZ6973266,UETU7436235,Empty In Depot Available,2025-03-10,60,"EXPEDITORS INTERNATIONAL OF WA, INC","EXPEDITORS INTERNATIONAL OF WA, INC",EXPEDITORS INTL OF WASH INC HQ,USLAX,"LOS ANGELES, CA",USMEM,"MEMPHIS, TN",2025-02-16,Waybill,Y,,Arrival of in-bond - bill of lading,6854.00,6854.00,Y,Y,2025-03-07T10:54:29Z,Y,2025-02-16T15:42:02Z,Y,2025-03-07T10:54:29Z,NO,,12,USLAXMAPL,FENIX MARINE TERMINAL,2025-02-16,APL SANTIAGO,0TXJFE1MA,2025-03-09
CHN2086181,ECMU7455138,Empty In Depot Available,2025-04-07,60,WALMART INC.  508 SW 8TH ST.,UPS SUPPLY CHAIN SOLUTION  1201 W.,WALMART INC,USLAX,"LOS ANGELES, CA",,,2025-03-26,Waybill,Y,,Entered and released: General examination,50492.00,50492.00,Y,Y,2025-03-28T00:37:15Z,Y,2025-03-28T00:37:15Z,Y,2025-03-28T00:37:15Z,NO,,1C,USLAXMAPL,FENIX MARINE TERMINAL,2025-03-26,CMA CGM SWORDFISH,0GVJ8E1MA,2025-04-11
FRA0519097,CMAU9525925,Full at Consignee’s premises,2025-04-07,60,8335 - IOWA CITY PLANT-ORAL B LABS,"EXPEDITORS INTERNATIONAL, 2000",PROCTER & GAMBLE DISTRIBUTING LLC,USORF,"NORFOLK, VA",USIWB,"WEST BRANCH, IA",2025-03-23,Waybill,Y,,Arrival of in-bond - bill of lading,,470.00,Y,Y,2025-03-30T06:10:50Z,Y,2025-03-25T09:07:28Z,Y,2025-03-30T06:10:50Z,NO,,12,USORFMMAT,VIRGINIA INTERNATIONAL GATEWAY,2025-03-23,OOCL CHONGQING,0LBIZW1MA,2025-04-01
NGP2068165,CMAU5924892,Empty In Depot Available,2025-04-01,60,WETRANS (UNITED STATES) LIMITED.,WETRANS (UNITED STATES) LIMITED.,CIMC WETRANS LOGISTICS TECHNOLOGY,USMIA,"MIAMI, FL",,,2025-03-25,OBL,Y,2025-02-24T08:35:27Z,Entered and released: General examination,26560.00,624.00,Y,Y,2025-03-26T13:37:30Z,Y,2025-03-26T13:37:30Z,Y,2025-03-26T13:37:30Z,NO,,1C,USMIAMUNI,SOUTH FLORIDA CONTAINER TER,2025-03-25,CMA CGM ORFEO,0XR7BE1MA,2025-04-02
SGN2551630,TXGU7983898,Empty In Depot Available,2025-04-08,60,OEC FREIGHT (NY) INC.,OEC FREIGHT (NY) INC.,ORIENT EXPRESS CONTAINER CO LTD,USNYC,"NEW YORK, NY",,,2025-03-12,Waybill,Y,,Entered and released: General examination,45947.00,45947.00,N,Y,2025-03-17T20:45:04Z,Y,2025-03-17T20:45:04Z,Y,2025-03-17T20:45:04Z,NO,,1C,USNYCMMSL,APM ELIZABETH NJ,2025-03-12,CMA CGM HERMES,1TUC2S1MA,2025-03-20
SHZ7068965,TCLU9787699,Discharged Full,2025-04-17,60,"LG SOURCING, INC.","UPS SUPPLY CHAIN SOLUTIONS, INC.",LOWES COMPANIES INC,USSAV,"SAVANNAH, GA",,,2025-04-16,Waybill,Y,,Entered and released: General examination,,2390.00,Y,Y,2025-04-15T14:46:58Z,Y,2025-04-15T14:46:58Z,Y,2025-04-15T14:46:58Z,NO,,1C,USSAVMGPA,GARDEN CITY TERMINAL,2025-04-16,COSCO DEVELOPMENT,0UPKBE1MA,2025-05-08
CHN2069054,TRHU5467960,Empty In Depot Available,2025-04-14,60,BARKBOX INC,EDRAY CPL,BARKBOX INC,USLGB,"LONG BEACH, CA",,,2025-03-31,Waybill,Y,,Entered and released: General examination,1755.00,1755.00,Y,Y,2025-03-25T16:27:46Z,Y,2025-03-25T16:27:46Z,Y,2025-03-25T16:27:46Z,NO,,1C,USLGBMSSA,PCT - SSA - PIER J,2025-03-31,COSCO AFRICA,0BHKPE1MA,2025-04-08
NGP2063110,APZU4520777,Empty In Depot Available,2025-04-01,60,WALMART INC.,EXPEDITORS INTERNATIONAL OF,WALMART INC,USSAV,"SAVANNAH, GA",,,2025-03-07,Waybill,Y,,Entered and released: General examination,6900.00,6900.00,Y,Y,2025-03-10T09:17:41Z,Y,2025-03-10T09:17:41Z,Y,2025-03-10T09:17:41Z,NO,,1C,USSAVMGPA,GARDEN CITY TERMINAL,2025-03-07,APL QINGDAO,0XR79E1MA,2025-03-20
SGN2541686,CMAU6439401,Empty In Depot Available,2025-04-07,60,"CROCS, INC.",MAERSK CUSTOMS SERVICES USA INC,CROCS INC,USSAV,"SAVANNAH, GA",,,2025-03-22,Waybill,Y,,Entered and released: General examination,9770.00,9770.00,Y,Y,2025-03-28T15:08:47Z,Y,2025-03-28T15:08:47Z,Y,2025-03-28T15:08:47Z,NO,,1C,USSAVMGPA,GARDEN CITY TERMINAL,2025-03-22,CMA CGM HERMES,1TUC2S1MA,2025-04-03
SHZ7015632A,CMAU7142017,Empty In Depot Available,2025-03-27,60,WALMART INC.,EXPEDITORS INTERNATIONAL OF,WALMART INC,USCHS,"CHARLESTON, SC",,,2025-03-20,Waybill,Y,,Entered and released: General examination,1340.70,1340.70,Y,Y,2025-03-23T11:41:53Z,Y,2025-03-23T11:41:53Z,Y,2025-03-23T11:41:53Z,NO,,1C,USCHSMWWT,WANDO WELCH TERMINAL,2025-03-20,CMA CGM ORFEO,0XR7BE1MA,2025-04-02
NGP2200572,CMAU4849515,Discharged Full,2025-04-25,60,CLARK CORE SERVICES LLC,FLEXPORT INTERNATIONAL LLC,CLARK CORE SERVICES LLC,USOAK,"OAKLAND, CA",USFYR,"FERNLEY, NV",2025-04-25,OBL,Y,2025-04-18T09:22:48Z,Carrier bill - delete,,2850.00,Y,N,,N,,N,,NO,,54,USOAKMSSA,OAKLAND INTL CONTAINER TERMINAL,2025-04-25,CMA CGM VIRGINIA,0GVJGE1MA,
NGP2085942,EFEU2029220,Arrival at dest full import,2025-04-02,60,SEN MART INTERNATIONAL INC,SAME AS CONSIGNEE,SAFROUND LOGISTICS CO LTD,USLAX,"LOS ANGELES, CA",USELP,"EL PASO, TX",2025-03-11,Waybill,Y,,Export of in-bond -bill of lading,3579.00,3579.00,N,Y,2025-04-05T19:37:50Z,Y,2025-03-06T05:35:04Z,Y,2025-04-01T18:00:19Z,NO,,50,USLAXMAPL,FENIX MARINE TERMINAL,2025-03-11,CMA CGM TARPON,0GVJ4E1MA,2025-04-04
NGP2079307,TRHU6654944,Empty In Depot Available,2025-03-18,60,"SPECTRUM BRANDS, INC.",EXPEDITORS INTERNATIONAL,SPECTRUM BRANDS INC,USLGB,"LONG BEACH, CA",,,2025-03-12,Waybill,Y,,Entered and released: General examination,1698.00,1698.00,Y,Y,2025-03-06T16:00:04Z,Y,2025-03-06T16:00:04Z,Y,2025-03-06T16:00:04Z,NO,,1C,USLGBMLBC,LONG BEACH CONTAINER TERM,2025-03-12,COSCO SHIPPING ALPS,0TIK3E1MA,2025-03-21
NGP2051107,MSOU5472111,Off Hire Empty,2025-03-07,60,EXPEDITORS INTERNATIONAL OF,SAME AS CONSIGNEE,EXPEDITORS INTL OF WASH INC HQ,USLAX,"LOS ANGELES, CA",USDEN,"DENVER, CO",2025-02-05,Waybill,Y,,Arrival of in-bond - bill of lading,5329.00,5329.00,Y,Y,2025-02-26T18:54:34Z,Y,2025-01-30T19:36:51Z,Y,2025-02-26T18:54:34Z,NO,,12,USLAXMAPM,LA HARBOR APM TERMINAL,2025-02-05,EVER FRANK,0TBJXE1MA,2025-03-02
THD1320905,TXGU8412086,Full to Consignee,2025-04-16,60,"MEDLINE INDUSTRIES, LP.","CH ROBINSON INTERNATIONAL, INC.",MEDLINE INDUSTRIES INC,USOAK,"OAKLAND, CA",,,2025-04-13,Waybill,Y,,Entered and released: General examination,,15490.00,Y,Y,2025-04-16T05:19:44Z,Y,2025-04-16T05:19:44Z,Y,2025-04-16T05:19:44Z,NO,,1C,USOAKMSSA,OAKLAND INTL CONTAINER TERMINAL,2025-04-13,CMA CGM T. ROOSEVELT,1TUBKE1MA,2025-04-21
CSN0196007,TEMU7803191,Empty In Depot Available,2025-04-17,60,GOLDEN HILL INGREDIENTS LLC,MGF GROUP,BRAASH SHIPPING PVT LTD,USSAV,"SAVANNAH, GA",USMSY,"NEW ORLEANS, LA",2025-03-24,Waybill,Y,2025-02-21T10:50:59Z,Arrival of in-bond - bill of lading,19.00,19.00,N,Y,2025-04-10T01:34:31Z,Y,2025-03-17T18:30:33Z,Y,2025-04-10T01:34:31Z,NO,,12,USSAVMGPA,GARDEN CITY TERMINAL,2025-03-24,CMA CGM DOLPHIN,0INJ1W1MA,2025-04-18
SHZ6953749,ECMU7720801,Empty In Depot Available,2025-02-25,60,WALMART INC.,UPS SUPPLY CHAIN SOLUTIONS,WALMART INC,USLAX,"LOS ANGELES, CA",USCHI,"CHICAGO, IL",2025-01-28,Waybill,Y,,Entered and released: General examination,3650.00,3650.00,Y,Y,2025-01-29T19:03:03Z,Y,2025-01-25T18:07:32Z,Y,2025-01-29T19:03:03Z,NO,,1C,USLAXMETS,EVERPORT TERMINAL SERVICES,2025-01-28,EVER MACH,0TEJTE1MA,2025-02-27
CHN1893043,ECMU7216730,Empty In Depot Available,2025-02-27,60,"MEDLINE INDUSTRIES, LP.","UPS SUPPLY CHAIN SOLUTIONS, INC",MEDLINE INDUSTRIES INC,USOAK,"OAKLAND, CA",,,2025-02-18,Waybill,Y,,Entered and released: General examination,2698.00,2698.00,Y,Y,2025-02-12T17:42:42Z,Y,2025-02-12T17:42:42Z,Y,2025-02-12T17:42:42Z,NO,,1C,USOAKMSSA,OAKLAND INTL CONTAINER TERMINAL,2025-02-18,PRESIDENT JQ ADAMS,0DBKJE1MA,2025-02-25
AMC2349419,ECMU6613265,Empty In Depot Available,2025-03-26,60,SMARTMODE INTERNATIONAL LOGISTICS,SMARTMODE INTERNATIONAL LOGISTICS,SAFEWATER LINES INDIA PVT LTD,USSAV,"SAVANNAH, GA",,,2025-03-17,OBL,Y,2025-03-19T16:25:09Z,Entered and released: General examination,18004.00,16400.00,N,Y,2025-03-20T22:33:49Z,Y,2025-03-20T22:33:50Z,N,,NO,,1C,USSAVMGPA,GARDEN CITY TERMINAL,2025-03-17,APL SOUTHAMPTON,0INIZW1MA,2025-03-27
